TimePeriod,GeoType,GeoID,GeoRank,Geography,Number,Percent
2022,UHF34,101,3,Kingsbridge - Riverdale,"5,000*","7.2* (2.9, 17.1)"
2022,UHF34,102,3,Northeast Bronx,"11,000*","6.8* (3.4, 13.1)"
2022,UHF34,103,3,Fordham - Bronx Pk,"42,000","22.4 (15.0, 32.0)"
2022,UHF34,104,3,Pelham - Throgs Neck,"22,000","9.4 (6.0, 14.6)"
2022,UHF34,201,3,Greenpoint,"10,000*","8.8* (4.3, 17.2)"
2022,UHF34,202,3,Downtown - Heights - Slope,"11,000*","5.3* (2.9, 9.5)"
2022,UHF34,203,3,Bedford Stuyvesant - Crown Heights,"31,000","11.5 (7.4, 17.3)"
2022,UHF34,204,3,East New York,"19,000","12.3 (7.3, 20.2)"
2022,UHF34,205,3,Sunset Park,"5,000*","5.0* (2.1, 11.3)"
2022,UHF34,206,3,Borough Park,"11,000*","4.9* (2.4, 9.7)"
2022,UHF34,207,3,East Flatbush - Flatbush,"18,000","7.1 (4.2, 11.8)"
2022,UHF34,208,3,Canarsie - Flatlands,"12,000","7.3 (4.2, 12.4)"
2022,UHF34,209,3,Bensonhurst - Bay Ridge,"19,000*","11.3* (5.3, 22.5)"
2022,UHF34,210,3,Coney Island - Sheepshead Bay,"34,000","14.6 (9.8, 21.2)"
2022,UHF34,211,3,Williamsburg - Bushwick,"24,000","13.4 (9.1, 19.2)"
2022,UHF34,301,3,Washington Heights,"16,000*","7.3* (2.7, 18.4)"
2022,UHF34,302,3,Central Harlem - Morningside Heights,"10,000*","7.6* (3.8, 14.8)"
2022,UHF34,303,3,East Harlem,"3,000*","3.4* (1.6, 6.9)"
2022,UHF34,304,3,Upper West Side,"14,000*","7.6* (3.5, 15.5)"
2022,UHF34,401,3,Long Island City - Astoria,"9,000","5.1 (2.9, 8.9)"
2022,UHF34,402,3,West Queens,"15,000","4.2 (2.5, 7.1)"
2022,UHF34,403,3,Flushing - Clearview,"14,000*","6.7* (2.7, 15.5)"
2022,UHF34,405,3,Ridgewood - Forest Hills,"23,000","10.8 (6.1, 18.3)"
2022,UHF34,407,3,Southwest Queens,"22,000*","9.5* (4.6, 18.6)"
2022,UHF34,408,3,Jamaica,"14,000*","5.6* (2.7, 11.2)"
2022,UHF34,409,3,Southeast Queens,"8,000*","4.7* (1.9, 10.8)"
2022,UHF34,410,3,Rockaways,"7,000","7.1 (4.0, 12.4)"
2022,UHF34,305307,3,Upper East Side-Gramercy,"20,000*","6.8* (3.3, 13.4)"
2022,UHF34,306308,3,Chelsea-Village  ,"31,000","14.6 (8.0, 25.1)"
2022,UHF34,309310,3,Union Square-Lower Manhattan,"17,000*","8.0* (4.3, 14.4)"
2022,UHF34,404406,3,Bayside Little Neck-Fresh Meadows,"3,000*","2.2* (1.1, 4.6)"
2022,UHF34,501502,3,Northern SI,"20,000*","13.4* (7.2, 23.6)"
2022,UHF34,503504,3,Southern SI,"25,000","11.0 (7.0, 16.9)"
2022,UHF34,105106107,3,South Bronx,"45,000","11.0 (8.2, 14.6)"
2022,Borough,1,1,Bronx,"124,000","11.8 (9.6, 14.4)"
2022,Borough,2,1,Brooklyn,"192,000","9.4 (8.0, 11.1)"
2022,Borough,3,1,Manhattan,"112,000","8.2 (6.1, 11.0)"
2022,Borough,4,1,Queens,"116,000","6.2 (4.8, 7.9)"
2022,Borough,5,1,Staten Island,"45,000","12.0 (8.3, 17.0)"
2022,Citywide,1,0,New York City,"590,000","8.8 (7.9, 9.8)"
2021,UHF34,101,3,Kingsbridge - Riverdale,"5,000*","6.7* (3.2, 13.6)"
2021,UHF34,102,3,Northeast Bronx,"8,000*","4.6* (2.2, 9.4)"
2021,UHF34,103,3,Fordham - Bronx Pk,"15,000","8.0 (5.1, 12.5)"
2021,UHF34,104,3,Pelham - Throgs Neck,"23,000","10.3 (6.5, 15.9)"
2021,UHF34,201,3,Greenpoint,"20,000","18.2 (10.3, 30.1)"
2021,UHF34,202,3,Downtown - Heights - Slope,"19,000","10.0 (6.0, 16.1)"
2021,UHF34,203,3,Bedford Stuyvesant - Crown Heights,"29,000","11.3 (7.5, 16.5)"
2021,UHF34,204,3,East New York,"20,000","14.8 (8.7, 24.2)"
2021,UHF34,205,3,Sunset Park,"7,000*","8.4* (3.3, 19.9)"
2021,UHF34,206,3,Borough Park,"17,000","7.6 (4.3, 13.2)"
2021,UHF34,207,3,East Flatbush - Flatbush,"21,000","9.4 (5.2, 16.5)"
2021,UHF34,208,3,Canarsie - Flatlands,"13,000*","8.1* (4.2, 15.0)"
2021,UHF34,209,3,Bensonhurst - Bay Ridge,"24,000","15.0 (8.6, 25.0)"
2021,UHF34,210,3,Coney Island - Sheepshead Bay,"28,000","12.8 (8.3, 19.2)"
2021,UHF34,211,3,Williamsburg - Bushwick,"25,000","15.1 (9.6, 22.8)"
2021,UHF34,301,3,Washington Heights,"11,000*","5.2* (2.7, 9.7)"
2021,UHF34,302,3,Central Harlem - Morningside Heights,"10,000*","7.0* (3.3, 14.2)"
2021,UHF34,303,3,East Harlem,"8,000*","9.5* (4.9, 17.6)"
2021,UHF34,304,3,Upper West Side,**,**
2021,UHF34,401,3,Long Island City - Astoria,"9,000*","5.1* (2.4, 10.7)"
2021,UHF34,402,3,West Queens,"22,000*","6.3* (3.3, 11.5)"
2021,UHF34,403,3,Flushing - Clearview,"20,000*","9.5* (5.0, 17.4)"
2021,UHF34,405,3,Ridgewood - Forest Hills,"13,000","6.7 (3.7, 11.8)"
2021,UHF34,407,3,Southwest Queens,"23,000","10.6 (5.8, 18.5)"
2021,UHF34,408,3,Jamaica,"16,000*","6.8* (2.8, 15.9)"
2021,UHF34,409,3,Southeast Queens,"3,000*","1.7* (0.5, 5.9)"
2021,UHF34,410,3,Rockaways,"7,000*","7.9* (4.0, 15.0)"
2021,UHF34,305307,3,Upper East Side-Gramercy,"19,000*","6.5* (3.2, 12.7)"
2021,UHF34,306308,3,Chelsea-Village  ,"12,000*","5.9* (3.0, 11.1)"
2021,UHF34,309310,3,Union Square-Lower Manhattan,"15,000","7.7 (4.5, 12.8)"
2021,UHF34,404406,3,Bayside Little Neck-Fresh Meadows,"13,000*","9.1* (4.9, 16.4)"
2021,UHF34,501502,3,Northern SI,"19,000","13.2 (7.7, 21.7)"
2021,UHF34,503504,3,Southern SI,"32,000","14.4 (9.5, 21.3)"
2021,UHF34,105106107,3,South Bronx,"60,000","15.4 (11.0, 21.2)"
2021,Borough,1,1,Bronx,"109,000","10.7 (8.5, 13.3)"
2021,Borough,2,1,Brooklyn,"223,000","11.6 (9.9, 13.5)"
2021,Borough,3,1,Manhattan,"82,000","6.2 (4.7, 8.1)"
2021,Borough,4,1,Queens,"125,000","7.1 (5.5, 9.0)"
2021,Borough,5,1,Staten Island,"51,000","14.0 (10.0, 19.1)"
2021,Citywide,1,0,New York City,"591,000","9.2 (8.3, 10.2)"
2020,UHF34,101,3,Kingsbridge - Riverdale,**,**
2020,UHF34,102,3,Northeast Bronx,"18,000","12.7 (7.1, 21.9)"
2020,UHF34,103,3,Fordham - Bronx Pk,"29,000","15.8 (10.3, 23.4)"
2020,UHF34,104,3,Pelham - Throgs Neck,"31,000","13.7 (9.2, 19.9)"
2020,UHF34,201,3,Greenpoint,"13,000*","12.9* (6.8, 23.2)"
2020,UHF34,202,3,Downtown - Heights - Slope,"20,000","11.1 (6.5, 18.4)"
2020,UHF34,203,3,Bedford Stuyvesant - Crown Heights,"27,000","11.2 (7.7, 15.9)"
2020,UHF34,204,3,East New York,"14,000","10.7 (6.4, 17.4)"
2020,UHF34,205,3,Sunset Park,"9,000","8.7 (4.9, 15.1)"
2020,UHF34,206,3,Borough Park,"28,000","11.9 (7.8, 17.8)"
2020,UHF34,207,3,East Flatbush - Flatbush,"17,000","7.6 (4.7, 12.1)"
2020,UHF34,208,3,Canarsie - Flatlands,"14,000*","9.4* (4.5, 18.3)"
2020,UHF34,209,3,Bensonhurst - Bay Ridge,"18,000","11.0 (6.4, 18.2)"
2020,UHF34,210,3,Coney Island - Sheepshead Bay,"34,000","14.9 (10.2, 21.3)"
2020,UHF34,211,3,Williamsburg - Bushwick,"20,000","13.5 (8.3, 21.0)"
2020,UHF34,301,3,Washington Heights,"23,000","11.8 (7.0, 19.2)"
2020,UHF34,302,3,Central Harlem - Morningside Heights,"10,000","8.4 (4.9, 14.0)"
2020,UHF34,303,3,East Harlem,"8,000*","10.5* (5.1, 20.4)"
2020,UHF34,304,3,Upper West Side,**,**
2020,UHF34,401,3,Long Island City - Astoria,"24,000","14.5 (8.3, 24.0)"
2020,UHF34,402,3,West Queens,"33,000","8.9 (5.6, 13.9)"
2020,UHF34,403,3,Flushing - Clearview,"14,000","6.5 (3.6, 11.6)"
2020,UHF34,405,3,Ridgewood - Forest Hills,"21,000","10.4 (6.2, 17.0)"
2020,UHF34,407,3,Southwest Queens,"15,000*","7.5* (4.0, 13.8)"
2020,UHF34,408,3,Jamaica,"22,000*","10.4* (4.8, 21.0)"
2020,UHF34,409,3,Southeast Queens,"19,000*","12.3* (5.9, 23.9)"
2020,UHF34,410,3,Rockaways,"8,000*","9.4* (3.6, 22.6)"
2020,UHF34,305307,3,Upper East Side-Gramercy,"24,000","7.8 (4.5, 13.2)"
2020,UHF34,306308,3,Chelsea-Village  ,"13,000","6.1 (3.4, 10.8)"
2020,UHF34,309310,3,Union Square-Lower Manhattan,"18,000","8.5 (5.2, 13.7)"
2020,UHF34,404406,3,Bayside Little Neck-Fresh Meadows,"9,000","6.3 (3.5, 11.0)"
2020,UHF34,501502,3,Northern SI,"27,000","18.8 (11.1, 30.2)"
2020,UHF34,503504,3,Southern SI,"43,000","19.7 (13.5, 27.7)"
2020,UHF34,105106107,3,South Bronx,"55,000","14.4 (10.6, 19.4)"
2020,Borough,1,1,Bronx,"139,000","13.6 (11.1, 16.4)"
2020,Borough,2,1,Brooklyn,"219,000","11.3 (9.8, 13.0)"
2020,Borough,3,1,Manhattan,"106,000","8.0 (6.4, 10.1)"
2020,Borough,4,1,Queens,"171,000","9.7 (7.9, 11.9)"
2020,Borough,5,1,Staten Island,"71,000","19.4 (14.3, 25.8)"
2020,Citywide,1,0,New York City,"706,000","11.0 (10.1, 12.0)"
2019,UHF34,101,3,Kingsbridge - Riverdale,"6,000*","8.9* (4.3, 17.7)"
2019,UHF34,102,3,Northeast Bronx,"13,000","8.7 (4.8, 15.4)"
2019,UHF34,103,3,Fordham - Bronx Pk,"28,000","16.0 (9.5, 25.8)"
2019,UHF34,104,3,Pelham - Throgs Neck,"42,000","18.2 (12.9, 25.0)"
2019,UHF34,201,3,Greenpoint,"11,000*","10.6* (4.6, 22.9)"
2019,UHF34,202,3,Downtown - Heights - Slope,"15,000","8.5 (5.6, 12.8)"
2019,UHF34,203,3,Bedford Stuyvesant - Crown Heights,"37,000","15.1 (10.4, 21.6)"
2019,UHF34,204,3,East New York,"13,000*","9.8* (5.3, 17.4)"
2019,UHF34,205,3,Sunset Park,"20,000*","20.0* (10.6, 34.5)"
2019,UHF34,206,3,Borough Park,"13,000","5.5 (3.2, 9.3)"
2019,UHF34,207,3,East Flatbush - Flatbush,"13,000","5.5 (3.3, 9.0)"
2019,UHF34,208,3,Canarsie - Flatlands,"15,000*","10.0* (4.8, 19.5)"
2019,UHF34,209,3,Bensonhurst - Bay Ridge,"16,000","9.9 (5.7, 16.5)"
2019,UHF34,210,3,Coney Island - Sheepshead Bay,"34,000","14.6 (9.2, 22.4)"
2019,UHF34,211,3,Williamsburg - Bushwick,"32,000","21.2 (13.4, 31.8)"
2019,UHF34,301,3,Washington Heights,"19,000*","9.3* (4.7, 17.6)"
2019,UHF34,302,3,Central Harlem - Morningside Heights,"18,000","14.4 (7.8, 25.0)"
2019,UHF34,303,3,East Harlem,"21,000*","26.3* (15.6, 40.7)"
2019,UHF34,304,3,Upper West Side,"11,000*","5.8* (2.9, 11.2)"
2019,UHF34,401,3,Long Island City - Astoria,"21,000","12.3 (7.5, 19.5)"
2019,UHF34,402,3,West Queens,"28,000","7.6 (4.6, 12.5)"
2019,UHF34,403,3,Flushing - Clearview,"26,000*","12.5* (6.3, 23.2)"
2019,UHF34,405,3,Ridgewood - Forest Hills,"19,000","9.4 (5.2, 16.4)"
2019,UHF34,407,3,Southwest Queens,"26,000","12.6 (8.0, 19.2)"
2019,UHF34,408,3,Jamaica,"27,000","12.7 (7.3, 21.0)"
2019,UHF34,409,3,Southeast Queens,"14,000*","8.9* (4.2, 18.0)"
2019,UHF34,410,3,Rockaways,"13,000*","17.0* (8.1, 32.3)"
2019,UHF34,305307,3,Upper East Side-Gramercy,"26,000","8.3 (5.1, 13.2)"
2019,UHF34,306308,3,Chelsea-Village  ,"16,000*","7.8* (3.8, 15.1)"
2019,UHF34,309310,3,Union Square-Lower Manhattan,"17,000*","8.0* (4.3, 14.3)"
2019,UHF34,404406,3,Bayside Little Neck-Fresh Meadows,"13,000*","9.0* (4.6, 16.9)"
2019,UHF34,501502,3,Northern SI,"28,000","19.8 (12.1, 30.7)"
2019,UHF34,503504,3,Southern SI,"32,000","15.1 (9.7, 22.7)"
2019,UHF34,105106107,3,South Bronx,"79,000","20.3 (15.2, 26.5)"
2019,Borough,1,1,Bronx,"174,000","16.7 (13.9, 20.0)"
2019,Borough,2,1,Brooklyn,"225,000","11.6 (9.8, 13.6)"
2019,Borough,3,1,Manhattan,"127,000","9.6 (7.6, 12.0)"
2019,Borough,4,1,Queens,"187,000","10.5 (8.6, 12.7)"
2019,Borough,5,1,Staten Island,"61,000","16.7 (12.1, 22.7)"
2019,Citywide,1,0,New York City,"775,000","12.0 (11.0, 13.1)"
2018,UHF34,101,3,Kingsbridge - Riverdale,"13,000*","17.3* (9.5, 29.6)"
2018,UHF34,102,3,Northeast Bronx,"9,000*","6.1* (3.1, 11.4)"
2018,UHF34,103,3,Fordham - Bronx Pk,"29,000","15.6 (9.9, 23.7)"
2018,UHF34,104,3,Pelham - Throgs Neck,"36,000","14.8 (10.5, 20.4)"
2018,UHF34,201,3,Greenpoint,"6,000*","5.7* (2.2, 13.8)"
2018,UHF34,202,3,Downtown - Heights - Slope,"25,000","13.7 (8.7, 20.8)"
2018,UHF34,203,3,Bedford Stuyvesant - Crown Heights,"42,000","16.7 (12.1, 22.6)"
2018,UHF34,204,3,East New York,"20,000","14.1 (7.7, 24.4)"
2018,UHF34,205,3,Sunset Park,"18,000","18.0 (11.5, 27.0)"
2018,UHF34,206,3,Borough Park,"27,000","10.8 (7.3, 15.7)"
2018,UHF34,207,3,East Flatbush - Flatbush,"21,000","8.7 (5.3, 13.9)"
2018,UHF34,208,3,Canarsie - Flatlands,"14,000*","9.0* (4.4, 17.7)"
2018,UHF34,209,3,Bensonhurst - Bay Ridge,"26,000","16.0 (11.3, 22.3)"
2018,UHF34,210,3,Coney Island - Sheepshead Bay,"34,000","14.6 (10.1, 20.7)"
2018,UHF34,211,3,Williamsburg - Bushwick,"20,000","12.7 (7.9, 19.8)"
2018,UHF34,301,3,Washington Heights,"31,000","14.8 (9.6, 22.1)"
2018,UHF34,302,3,Central Harlem - Morningside Heights,"23,000","18.1 (11.6, 27.1)"
2018,UHF34,303,3,East Harlem,"11,000","12.7 (7.5, 20.7)"
2018,UHF34,304,3,Upper West Side,"11,000*","6.1* (2.9, 12.5)"
2018,UHF34,401,3,Long Island City - Astoria,"28,000","15.6 (9.0, 25.7)"
2018,UHF34,402,3,West Queens,"36,000","9.4 (6.4, 13.7)"
2018,UHF34,403,3,Flushing - Clearview,"29,000","13.9 (7.7, 24.0)"
2018,UHF34,405,3,Ridgewood - Forest Hills,"21,000","9.8 (6.2, 15.4)"
2018,UHF34,407,3,Southwest Queens,"26,000","12.3 (8.2, 17.9)"
2018,UHF34,408,3,Jamaica,"29,000","12.9 (7.5, 21.4)"
2018,UHF34,409,3,Southeast Queens,"15,000","9.4 (5.6, 15.6)"
2018,UHF34,410,3,Rockaways,"11,000","12.8 (7.1, 22.0)"
2018,UHF34,305307,3,Upper East Side-Gramercy,"34,000","10.7 (7.0, 16.0)"
2018,UHF34,306308,3,Chelsea-Village  ,"26,000","12.5 (7.4, 20.5)"
2018,UHF34,309310,3,Union Square-Lower Manhattan,"28,000","12.8 (7.7, 20.6)"
2018,UHF34,404406,3,Bayside Little Neck-Fresh Meadows,"17,000","11.2 (6.8, 17.8)"
2018,UHF34,501502,3,Northern SI,"30,000*","21.4* (12.7, 33.7)"
2018,UHF34,503504,3,Southern SI,"33,000","15.5 (10.0, 23.1)"
2018,UHF34,105106107,3,South Bronx,"68,000","16.5 (13.2, 20.6)"
2018,Borough,1,1,Bronx,"160,000","14.9 (12.6, 17.4)"
2018,Borough,2,1,Brooklyn,"253,000","12.7 (11.1, 14.5)"
2018,Borough,3,1,Manhattan,"164,000","12.1 (10.0, 14.5)"
2018,Borough,4,1,Queens,"217,000","11.7 (9.9, 13.8)"
2018,Borough,5,1,Staten Island,"63,000","17.3 (12.4, 23.7)"
2018,Citywide,1,0,New York City,"857,000","12.9 (11.9, 13.9)"
2017,UHF34,101,3,Kingsbridge - Riverdale,"10,000*","14.0* (7.5, 24.6)"
2017,UHF34,102,3,Northeast Bronx,"15,000","10.5 (6.4, 16.8)"
2017,UHF34,103,3,Fordham - Bronx Pk,"21,000","11.0 (7.2, 16.2)"
2017,UHF34,104,3,Pelham - Throgs Neck,"38,000","16.0 (11.0, 22.5)"
2017,UHF34,201,3,Greenpoint,"12,000","11.5 (6.9, 18.7)"
2017,UHF34,202,3,Downtown - Heights - Slope,"21,000","11.8 (7.9, 17.2)"
2017,UHF34,203,3,Bedford Stuyvesant - Crown Heights,"46,000","18.9 (14.2, 24.6)"
2017,UHF34,204,3,East New York,"23,000","17.1 (11.9, 24.0)"
2017,UHF34,205,3,Sunset Park,"16,000","15.7 (10.8, 22.4)"
2017,UHF34,206,3,Borough Park,"24,000","9.8 (6.5, 14.6)"
2017,UHF34,207,3,East Flatbush - Flatbush,"25,000","10.4 (7.0, 15.2)"
2017,UHF34,208,3,Canarsie - Flatlands,"16,000","10.6 (6.7, 16.4)"
2017,UHF34,209,3,Bensonhurst - Bay Ridge,"20,000","11.7 (7.1, 18.6)"
2017,UHF34,210,3,Coney Island - Sheepshead Bay,"37,000","15.6 (11.4, 20.9)"
2017,UHF34,211,3,Williamsburg - Bushwick,"30,000","18.6 (12.9, 26.0)"
2017,UHF34,301,3,Washington Heights,"25,000","12.0 (7.8, 18.1)"
2017,UHF34,302,3,Central Harlem - Morningside Heights,"21,000","17.2 (11.2, 25.4)"
2017,UHF34,303,3,East Harlem,"15,000*","18.2* (10.2, 30.4)"
2017,UHF34,304,3,Upper West Side,"24,000","12.8 (7.3, 21.4)"
2017,UHF34,401,3,Long Island City - Astoria,"25,000*","13.7* (7.4, 24.0)"
2017,UHF34,402,3,West Queens,"41,000","10.9 (7.7, 15.3)"
2017,UHF34,403,3,Flushing - Clearview,"41,000","18.4 (12.4, 26.4)"
2017,UHF34,405,3,Ridgewood - Forest Hills,"23,000","11.1 (7.4, 16.4)"
2017,UHF34,407,3,Southwest Queens,"27,000","13.1 (8.5, 19.6)"
2017,UHF34,408,3,Jamaica,"25,000","11.4 (7.0, 18.2)"
2017,UHF34,409,3,Southeast Queens,"10,000*","6.6* (3.4, 12.2)"
2017,UHF34,410,3,Rockaways,"14,000","17.5 (10.9, 26.7)"
2017,UHF34,305307,3,Upper East Side-Gramercy,"25,000","7.9 (4.5, 13.3)"
2017,UHF34,306308,3,Chelsea-Village  ,"23,000*","11.2* (6.0, 20.1)"
2017,UHF34,309310,3,Union Square-Lower Manhattan,"27,000","12.8 (7.9, 20.0)"
2017,UHF34,404406,3,Bayside Little Neck-Fresh Meadows,"17,000","11.2 (6.1, 19.7)"
2017,UHF34,501502,3,Northern SI,"28,000","19.2 (12.9, 27.6)"
2017,UHF34,503504,3,Southern SI,"57,000","26.3 (19.0, 35.3)"
2017,UHF34,105106107,3,South Bronx,"57,000","14.2 (11.2, 18.0)"
2017,Borough,1,1,Bronx,"145,000","13.7 (11.6, 16.1)"
2017,Borough,2,1,Brooklyn,"270,000","13.7 (12.2, 15.3)"
2017,Borough,3,1,Manhattan,"161,000","12.0 (9.9, 14.6)"
2017,Borough,4,1,Queens,"224,000","12.4 (10.6, 14.4)"
2017,Borough,5,1,Staten Island,"86,000","23.6 (18.3, 29.8)"
2017,Citywide,1,0,New York City,"886,000","13.5 (12.6, 14.6)"
2016,UHF34,101,3,Kingsbridge - Riverdale,"10,000*","13.2* (6.5, 24.8)"
2016,UHF34,102,3,Northeast Bronx,"15,000","9.6 (6.0, 14.9)"
2016,UHF34,103,3,Fordham - Bronx Pk,"26,000","13.7 (9.9, 18.6)"
2016,UHF34,104,3,Pelham - Throgs Neck,"40,000","17.0 (12.3, 22.9)"
2016,UHF34,201,3,Greenpoint,"15,000","15.3 (8.4, 26.1)"
2016,UHF34,202,3,Downtown - Heights - Slope,"25,000","13.6 (8.2, 21.6)"
2016,UHF34,203,3,Bedford Stuyvesant - Crown Heights,"33,000","13.3 (10.1, 17.3)"
2016,UHF34,204,3,East New York,"13,000","9.2 (5.9, 14.3)"
2016,UHF34,205,3,Sunset Park,"12,000","12.2 (7.8, 18.6)"
2016,UHF34,206,3,Borough Park,"29,000","12.0 (7.8, 18.0)"
2016,UHF34,207,3,East Flatbush - Flatbush,"13,000","5.6 (3.4, 9.1)"
2016,UHF34,208,3,Canarsie - Flatlands,"18,000*","11.4* (6.0, 20.6)"
2016,UHF34,209,3,Bensonhurst - Bay Ridge,"23,000","14.0 (8.8, 21.3)"
2016,UHF34,210,3,Coney Island - Sheepshead Bay,"35,000","14.6 (10.4, 20.1)"
2016,UHF34,211,3,Williamsburg - Bushwick,"25,000","16.3 (11.2, 23.0)"
2016,UHF34,301,3,Washington Heights,"29,000","14.1 (8.1, 23.2)"
2016,UHF34,302,3,Central Harlem - Morningside Heights,"12,000","9.9 (5.7, 16.8)"
2016,UHF34,303,3,East Harlem,"21,000*","25.8* (16.8, 37.5)"
2016,UHF34,304,3,Upper West Side,"13,000*","7.2* (3.6, 13.8)"
2016,UHF34,401,3,Long Island City - Astoria,"36,000","20.0 (13.4, 28.7)"
2016,UHF34,402,3,West Queens,"56,000","14.6 (10.9, 19.2)"
2016,UHF34,403,3,Flushing - Clearview,"27,000","12.3 (7.7, 19.2)"
2016,UHF34,405,3,Ridgewood - Forest Hills,"20,000","9.8 (6.2, 15.1)"
2016,UHF34,407,3,Southwest Queens,"26,000","12.3 (8.7, 17.1)"
2016,UHF34,408,3,Jamaica,"29,000","13.0 (8.2, 20.2)"
2016,UHF34,409,3,Southeast Queens,"17,000*","10.8* (4.2, 25.0)"
2016,UHF34,410,3,Rockaways,"15,000","18.4 (11.3, 28.3)"
2016,UHF34,305307,3,Upper East Side-Gramercy,"26,000","8.3 (4.7, 14.4)"
2016,UHF34,306308,3,Chelsea-Village  ,"26,000","12.6 (7.8, 19.8)"
2016,UHF34,309310,3,Union Square-Lower Manhattan,"44,000","20.7 (14.0, 29.5)"
2016,UHF34,404406,3,Bayside Little Neck-Fresh Meadows,"23,000","15.1 (9.4, 23.4)"
2016,UHF34,501502,3,Northern SI,"21,000","14.6 (8.7, 23.5)"
2016,UHF34,503504,3,Southern SI,"36,000","16.7 (11.7, 23.4)"
2016,UHF34,105106107,3,South Bronx,"54,000","13.6 (10.2, 18.1)"
2016,Borough,1,1,Bronx,"145,000","13.7 (11.6, 16.1)"
2016,Borough,2,1,Brooklyn,"244,000","12.4 (10.9, 14.1)"
2016,Borough,3,1,Manhattan,"172,000","12.9 (10.6, 15.6)"
2016,Borough,4,1,Queens,"250,000","13.7 (11.8, 15.8)"
2016,Borough,5,1,Staten Island,"57,000","15.9 (11.9, 21.0)"
2016,Citywide,1,0,New York City,"867,000","13.3 (12.3, 14.3)"
2015,UHF34,101,3,Kingsbridge - Riverdale,"6,000*","8.4* (4.0, 17.0)"
2015,UHF34,102,3,Northeast Bronx,"16,000","11.1 (6.8, 17.6)"
2015,UHF34,103,3,Fordham - Bronx Pk,"20,000","11.0 (7.5, 16.0)"
2015,UHF34,104,3,Pelham - Throgs Neck,"38,000","16.4 (11.9, 22.3)"
2015,UHF34,201,3,Greenpoint,"24,000*","22.9* (12.3, 38.6)"
2015,UHF34,202,3,Downtown - Heights - Slope,"25,000","13.7 (8.6, 21.3)"
2015,UHF34,203,3,Bedford Stuyvesant - Crown Heights,"44,000","18.1 (13.7, 23.5)"
2015,UHF34,204,3,East New York,"17,000","12.5 (7.6, 19.9)"
2015,UHF34,205,3,Sunset Park,"15,000","15.2 (8.8, 25.1)"
2015,UHF34,206,3,Borough Park,"37,000","15.2 (10.9, 20.9)"
2015,UHF34,207,3,East Flatbush - Flatbush,"22,000","9.5 (6.3, 14.0)"
2015,UHF34,208,3,Canarsie - Flatlands,"13,000","8.4 (4.9, 14.0)"
2015,UHF34,209,3,Bensonhurst - Bay Ridge,"26,000","15.7 (9.7, 24.4)"
2015,UHF34,210,3,Coney Island - Sheepshead Bay,"44,000","18.8 (14.0, 24.9)"
2015,UHF34,211,3,Williamsburg - Bushwick,"29,000","18.7 (11.3, 29.2)"
2015,UHF34,301,3,Washington Heights,"25,000","12.2 (7.7, 18.8)"
2015,UHF34,302,3,Central Harlem - Morningside Heights,"16,000","13.5 (8.5, 20.8)"
2015,UHF34,303,3,East Harlem,"13,000","15.4 (10.1, 22.7)"
2015,UHF34,304,3,Upper West Side,"23,000","12.3 (6.8, 21.2)"
2015,UHF34,401,3,Long Island City - Astoria,"36,000","19.9 (11.9, 31.2)"
2015,UHF34,402,3,West Queens,"69,000","18.2 (13.9, 23.3)"
2015,UHF34,403,3,Flushing - Clearview,"25,000","11.2 (8.1, 15.4)"
2015,UHF34,405,3,Ridgewood - Forest Hills,"39,000","18.9 (13.0, 26.7)"
2015,UHF34,407,3,Southwest Queens,"28,000","13.0 (8.0, 20.4)"
2015,UHF34,408,3,Jamaica,"15,000","6.8 (4.0, 11.4)"
2015,UHF34,409,3,Southeast Queens,"16,000","10.1 (5.9, 16.6)"
2015,UHF34,410,3,Rockaways,"13,000","16.4 (9.3, 27.3)"
2015,UHF34,305307,3,Upper East Side-Gramercy,"29,000","9.4 (6.1, 14.1)"
2015,UHF34,306308,3,Chelsea-Village  ,"27,000","13.6 (8.5, 21.1)"
2015,UHF34,309310,3,Union Square-Lower Manhattan,"38,000","17.7 (11.7, 25.8)"
2015,UHF34,404406,3,Bayside Little Neck-Fresh Meadows,"15,000","9.7 (5.8, 15.9)"
2015,UHF34,501502,3,Northern SI,"25,000","17.6 (11.7, 25.5)"
2015,UHF34,503504,3,Southern SI,"38,000","17.7 (12.1, 25.3)"
2015,UHF34,105106107,3,South Bronx,"66,000","16.7 (13.8, 20.2)"
2015,Borough,1,1,Bronx,"148,000","14.3 (12.4, 16.5)"
2015,Borough,2,1,Brooklyn,"297,000","15.1 (13.3, 17.1)"
2015,Borough,3,1,Manhattan,"171,000","12.9 (10.8, 15.3)"
2015,Borough,4,1,Queens,"255,000","14.1 (12.2, 16.2)"
2015,Borough,5,1,Staten Island,"64,000","17.6 (13.3, 22.9)"
2015,Citywide,1,0,New York City,"934,000","14.4 (13.4, 15.4)"
2014,UHF34,101,3,Kingsbridge - Riverdale,"6,000*","9.0* (4.0, 18.8)"
2014,UHF34,102,3,Northeast Bronx,"12,000","8.6 (5.1, 14.3)"
2014,UHF34,103,3,Fordham - Bronx Pk,"40,000","21.7 (15.4, 29.8)"
2014,UHF34,104,3,Pelham - Throgs Neck,"49,000","21.4 (15.2, 29.3)"
2014,UHF34,201,3,Greenpoint,"18,000*","17.7* (9.5, 30.7)"
2014,UHF34,202,3,Downtown - Heights - Slope,"12,000*","6.9* (3.6, 12.7)"
2014,UHF34,203,3,Bedford Stuyvesant - Crown Heights,"40,000","16.3 (11.6, 22.4)"
2014,UHF34,204,3,East New York,"23,000","16.7 (10.1, 26.2)"
2014,UHF34,205,3,Sunset Park,"17,000","17.7 (9.9, 29.7)"
2014,UHF34,206,3,Borough Park,"28,000","11.8 (7.5, 18.3)"
2014,UHF34,207,3,East Flatbush - Flatbush,"13,000*","5.4* (2.8, 10.3)"
2014,UHF34,208,3,Canarsie - Flatlands,"21,000","13.6 (7.8, 22.7)"
2014,UHF34,209,3,Bensonhurst - Bay Ridge,"30,000","18.2 (10.5, 29.6)"
2014,UHF34,210,3,Coney Island - Sheepshead Bay,"44,000","18.8 (12.8, 26.9)"
2014,UHF34,211,3,Williamsburg - Bushwick,"25,000","16.2 (10.7, 23.7)"
2014,UHF34,301,3,Washington Heights,"15,000","7.5 (4.6, 11.9)"
2014,UHF34,302,3,Central Harlem - Morningside Heights,"28,000","23.0 (14.8, 33.9)"
2014,UHF34,303,3,East Harlem,"16,000","20.2 (12.6, 30.7)"
2014,UHF34,304,3,Upper West Side,"25,000","14.0 (8.5, 22.3)"
2014,UHF34,401,3,Long Island City - Astoria,"16,000","8.9 (5.2, 14.9)"
2014,UHF34,402,3,West Queens,"44,000","11.8 (8.4, 16.3)"
2014,UHF34,403,3,Flushing - Clearview,"30,000","13.7 (9.2, 20.0)"
2014,UHF34,405,3,Ridgewood - Forest Hills,"27,000","13.3 (8.0, 21.2)"
2014,UHF34,407,3,Southwest Queens,"39,000","18.9 (12.1, 28.2)"
2014,UHF34,408,3,Jamaica,"30,000","13.5 (8.7, 20.2)"
2014,UHF34,409,3,Southeast Queens,"12,000*","7.7* (4.0, 14.1)"
2014,UHF34,410,3,Rockaways,"17,000*","20.6* (12.1, 32.9)"
2014,UHF34,305307,3,Upper East Side-Gramercy,"29,000","9.2 (5.5, 15.0)"
2014,UHF34,306308,3,Chelsea-Village  ,"36,000","17.5 (10.9, 26.9)"
2014,UHF34,309310,3,Union Square-Lower Manhattan,"20,000","9.6 (6.2, 14.4)"
2014,UHF34,404406,3,Bayside Little Neck-Fresh Meadows,"11,000*","7.5* (4.1, 13.4)"
2014,UHF34,501502,3,Northern SI,"29,000","20.7 (14.1, 29.3)"
2014,UHF34,503504,3,Southern SI,"29,000","13.3 (9.6, 18.1)"
2014,UHF34,105106107,3,South Bronx,"61,000","15.9 (12.4, 20.1)"
2014,Borough,1,1,Bronx,"169,000","16.6 (14.1, 19.4)"
2014,Borough,2,1,Brooklyn,"276,000","14.2 (12.3, 16.3)"
2014,Borough,3,1,Manhattan,"169,000","12.8 (10.6, 15.3)"
2014,Borough,4,1,Queens,"227,000","12.6 (10.8, 14.7)"
2014,Borough,5,1,Staten Island,"58,000","16.3 (12.6, 20.6)"
2014,Citywide,1,0,New York City,"898,000","14.0 (12.9, 15.1)"
2013,UHF34,101,3,Kingsbridge - Riverdale,"9,000*","13.3* (6.9, 23.9)"
2013,UHF34,102,3,Northeast Bronx,"23,000","16.8 (11.3, 24.3)"
2013,UHF34,103,3,Fordham - Bronx Pk,"31,000","17.7 (11.9, 25.4)"
2013,UHF34,104,3,Pelham - Throgs Neck,"28,000","13.2 (8.8, 19.2)"
2013,UHF34,201,3,Greenpoint,"20,000*","21.0* (12.2, 33.5)"
2013,UHF34,202,3,Downtown - Heights - Slope,"30,000","17.7 (10.8, 27.5)"
2013,UHF34,203,3,Bedford Stuyvesant - Crown Heights,"35,000","14.9 (10.6, 20.5)"
2013,UHF34,204,3,East New York,"24,000","18.3 (11.6, 27.6)"
2013,UHF34,205,3,Sunset Park,"11,000","12.0 (6.7, 20.5)"
2013,UHF34,206,3,Borough Park,"48,000","20.5 (14.4, 28.4)"
2013,UHF34,207,3,East Flatbush - Flatbush,"25,000","11.0 (7.0, 16.8)"
2013,UHF34,208,3,Canarsie - Flatlands,"15,000","10.0 (5.6, 17.1)"
2013,UHF34,209,3,Bensonhurst - Bay Ridge,"31,000","19.0 (11.4, 30.0)"
2013,UHF34,210,3,Coney Island - Sheepshead Bay,"37,000","15.9 (10.8, 22.7)"
2013,UHF34,211,3,Williamsburg - Bushwick,"26,000","17.0 (11.1, 25.1)"
2013,UHF34,301,3,Washington Heights,"34,000","17.9 (12.2, 25.4)"
2013,UHF34,302,3,Central Harlem - Morningside Heights,"23,000","19.4 (12.9, 28.1)"
2013,UHF34,303,3,East Harlem,"14,000","18.4 (11.3, 28.6)"
2013,UHF34,304,3,Upper West Side,"17,000","9.8 (5.7, 16.1)"
2013,UHF34,401,3,Long Island City - Astoria,"26,000","16.0 (9.0, 27.0)"
2013,UHF34,402,3,West Queens,"45,000","13.0 (9.0, 18.3)"
2013,UHF34,403,3,Flushing - Clearview,"39,000","19.2 (13.4, 26.6)"
2013,UHF34,405,3,Ridgewood - Forest Hills,"31,000","15.4 (10.1, 22.9)"
2013,UHF34,407,3,Southwest Queens,"40,000","19.5 (12.3, 29.5)"
2013,UHF34,408,3,Jamaica,"35,000","16.2 (10.8, 23.7)"
2013,UHF34,409,3,Southeast Queens,"22,000","14.6 (8.9, 23.0)"
2013,UHF34,410,3,Rockaways,"16,000*","20.1* (11.8, 32.0)"
2013,UHF34,305307,3,Upper East Side-Gramercy,"45,000","14.6 (9.9, 20.9)"
2013,UHF34,306308,3,Chelsea-Village  ,"23,000","11.7 (7.7, 17.5)"
2013,UHF34,309310,3,Union Square-Lower Manhattan,"40,000","19.5 (13.7, 26.9)"
2013,UHF34,404406,3,Bayside Little Neck-Fresh Meadows,"23,000","15.7 (9.7, 24.2)"
2013,UHF34,501502,3,Northern SI,"27,000","19.0 (13.0, 27.0)"
2013,UHF34,503504,3,Southern SI,"38,000","17.9 (12.6, 24.7)"
2013,UHF34,105106107,3,South Bronx,"65,000","17.4 (14.1, 21.3)"
2013,Borough,1,1,Bronx,"161,000","16.1 (13.9, 18.7)"
2013,Borough,2,1,Brooklyn,"308,000","16.0 (14.1, 18.2)"
2013,Borough,3,1,Manhattan,"201,000","15.4 (13.2, 17.9)"
2013,Borough,4,1,Queens,"294,000","16.5 (14.4, 18.9)"
2013,Borough,5,1,Staten Island,"66,000","18.5 (14.4, 23.4)"
2013,Citywide,1,0,New York City,"1,030,000","16.2 (15.1, 17.3)"
2012,UHF34,101,3,Kingsbridge - Riverdale,"4,000*","6.4* (3.1, 12.9)"
2012,UHF34,102,3,Northeast Bronx,"23,000","16.3 (9.4, 26.7)"
2012,UHF34,103,3,Fordham - Bronx Pk,"15,000*","8.4* (4.4, 15.4)"
2012,UHF34,104,3,Pelham - Throgs Neck,"46,000","22.3 (15.2, 31.6)"
2012,UHF34,201,3,Greenpoint,"17,000","17.3 (10.6, 27.1)"
2012,UHF34,202,3,Downtown - Heights - Slope,"29,000","16.9 (9.2, 29.1)"
2012,UHF34,203,3,Bedford Stuyvesant - Crown Heights,"39,000","16.8 (10.8, 25.3)"
2012,UHF34,204,3,East New York,"21,000","16.7 (11.4, 23.9)"
2012,UHF34,205,3,Sunset Park,"11,000*","12.0* (6.0, 22.7)"
2012,UHF34,206,3,Borough Park,"28,000","12.4 (7.8, 19.2)"
2012,UHF34,207,3,East Flatbush - Flatbush,"27,000","12.1 (6.9, 20.3)"
2012,UHF34,208,3,Canarsie - Flatlands,"22,000","14.8 (8.1, 25.4)"
2012,UHF34,209,3,Bensonhurst - Bay Ridge,"26,000","16.7 (9.7, 27.3)"
2012,UHF34,210,3,Coney Island - Sheepshead Bay,"48,000","21.4 (13.9, 31.5)"
2012,UHF34,211,3,Williamsburg - Bushwick,"26,000","18.2 (12.0, 26.5)"
2012,UHF34,301,3,Washington Heights,"25,000","13.0 (8.2, 19.9)"
2012,UHF34,302,3,Central Harlem - Morningside Heights,"18,000","16.1 (9.3, 26.3)"
2012,UHF34,303,3,East Harlem,"13,000*","18.6* (10.1, 31.7)"
2012,UHF34,304,3,Upper West Side,"23,000","12.6 (7.2, 21.2)"
2012,UHF34,401,3,Long Island City - Astoria,"27,000","16.0 (9.7, 25.3)"
2012,UHF34,402,3,West Queens,"56,000","15.9 (10.9, 22.7)"
2012,UHF34,403,3,Flushing - Clearview,"33,000","16.3 (9.9, 25.6)"
2012,UHF34,405,3,Ridgewood - Forest Hills,"33,000","17.3 (10.9, 26.4)"
2012,UHF34,407,3,Southwest Queens,"24,000","11.9 (7.4, 18.4)"
2012,UHF34,408,3,Jamaica,"30,000","13.8 (8.4, 21.8)"
2012,UHF34,409,3,Southeast Queens,"14,000*","9.0* (4.5, 17.3)"
2012,UHF34,410,3,Rockaways,"14,000*","18.6* (9.6, 33.0)"
2012,UHF34,305307,3,Upper East Side-Gramercy,"38,000","12.8 (8.2, 19.4)"
2012,UHF34,306308,3,Chelsea-Village  ,"37,000","18.4 (12.2, 27.0)"
2012,UHF34,309310,3,Union Square-Lower Manhattan,"46,000","22.8 (15.2, 32.6)"
2012,UHF34,404406,3,Bayside Little Neck-Fresh Meadows,"19,000","13.2 (7.9, 21.2)"
2012,UHF34,501502,3,Northern SI,"28,000","20.0 (14.3, 27.3)"
2012,UHF34,503504,3,Southern SI,"30,000","14.4 (9.9, 20.5)"
2012,UHF34,105106107,3,South Bronx,"63,000","17.3 (13.7, 21.7)"
2012,Borough,1,1,Bronx,"156,000","15.8 (13.2, 18.9)"
2012,Borough,2,1,Brooklyn,"304,000","16.1 (13.9, 18.6)"
2012,Borough,3,1,Manhattan,"202,000","15.6 (13.0, 18.6)"
2012,Borough,4,1,Queens,"261,000","14.9 (12.7, 17.4)"
2012,Borough,5,1,Staten Island,"58,000","16.6 (12.9, 21.1)"
2012,Citywide,1,0,New York City,"981,000","15.6 (14.5, 16.9)"
2011,UHF34,101,3,Kingsbridge - Riverdale,"9,000","13.7 (7.7, 23.1)"
2011,UHF34,102,3,Northeast Bronx,"19,000","13.3 (7.5, 22.5)"
2011,UHF34,103,3,Fordham - Bronx Pk,"20,000*","12.0* (6.2, 22.0)"
2011,UHF34,104,3,Pelham - Throgs Neck,"45,000","20.9 (13.6, 30.8)"
2011,UHF34,201,3,Greenpoint,"16,000*","16.2* (7.5, 31.5)"
2011,UHF34,202,3,Downtown - Heights - Slope,"18,000*","10.4* (5.4, 18.8)"
2011,UHF34,203,3,Bedford Stuyvesant - Crown Heights,"42,000","17.8 (11.4, 26.6)"
2011,UHF34,204,3,East New York,"24,000","19.1 (12.3, 28.3)"
2011,UHF34,205,3,Sunset Park,"27,000*","30.5* (15.6, 51.1)"
2011,UHF34,206,3,Borough Park,"36,000","15.5 (8.5, 26.6)"
2011,UHF34,207,3,East Flatbush - Flatbush,"32,000","14.2 (8.2, 23.4)"
2011,UHF34,208,3,Canarsie - Flatlands,"20,000*","13.5* (6.9, 24.8)"
2011,UHF34,209,3,Bensonhurst - Bay Ridge,"19,000*","12.1* (5.9, 23.4)"
2011,UHF34,210,3,Coney Island - Sheepshead Bay,"43,000","19.4 (12.0, 29.8)"
2011,UHF34,211,3,Williamsburg - Bushwick,"19,000*","12.8* (6.3, 24.2)"
2011,UHF34,301,3,Washington Heights,"21,000*","11.6* (5.5, 22.8)"
2011,UHF34,302,3,Central Harlem - Morningside Heights,"20,000*","16.7* (8.1, 31.1)"
2011,UHF34,303,3,East Harlem,"15,000*","19.6* (7.1, 43.9)"
2011,UHF34,304,3,Upper West Side,"15,000*","8.4* (3.9, 17.1)"
2011,UHF34,401,3,Long Island City - Astoria,"38,000*","22.7* (14.1, 34.5)"
2011,UHF34,402,3,West Queens,"34,000","9.8 (6.3, 15.1)"
2011,UHF34,403,3,Flushing - Clearview,"23,000*","11.3* (5.6, 21.7)"
2011,UHF34,405,3,Ridgewood - Forest Hills,"25,000","13.4 (8.2, 21.3)"
2011,UHF34,407,3,Southwest Queens,"14,000*","7.0* (3.5, 13.4)"
2011,UHF34,408,3,Jamaica,"23,000","10.8 (6.3, 17.9)"
2011,UHF34,409,3,Southeast Queens,"14,000","10.4 (6.0, 17.4)"
2011,UHF34,410,3,Rockaways,"12,000","15.1 (8.5, 25.5)"
2011,UHF34,305307,3,Upper East Side-Gramercy,"37,000","12.4 (7.0, 20.9)"
2011,UHF34,306308,3,Chelsea-Village  ,"26,000","13.7 (8.1, 22.2)"
2011,UHF34,309310,3,Union Square-Lower Manhattan,"21,000*","10.5* (4.9, 21.0)"
2011,UHF34,404406,3,Bayside Little Neck-Fresh Meadows,"20,000","14.1 (7.6, 24.4)"
2011,UHF34,501502,3,Northern SI,"35,000","25.2 (16.7, 36.3)"
2011,UHF34,503504,3,Southern SI,"46,000","22.6 (16.4, 30.3)"
2011,UHF34,105106107,3,South Bronx,"73,000","20.4 (15.8, 25.9)"
2011,Borough,1,1,Bronx,"168,000","17.1 (14.2, 20.6)"
2011,Borough,2,1,Brooklyn,"299,000","16.0 (13.4, 18.9)"
2011,Borough,3,1,Manhattan,"161,000","12.6 (9.8, 16.2)"
2011,Borough,4,1,Queens,"213,000","12.3 (10.2, 14.7)"
2011,Borough,5,1,Staten Island,"90,000","25.6 (19.8, 32.3)"
2011,Citywide,1,0,New York City,"930,000","15.0 (13.7, 16.4)"
2010,UHF34,101,3,Kingsbridge - Riverdale,"8,000","11.8 (6.7, 20.1)"
2010,UHF34,102,3,Northeast Bronx,"14,000","10.0 (6.0, 16.2)"
2010,UHF34,103,3,Fordham - Bronx Pk,"27,000","15.9 (10.3, 23.8)"
2010,UHF34,104,3,Pelham - Throgs Neck,"35,000","16.5 (10.6, 24.7)"
2010,UHF34,201,3,Greenpoint,"14,000","15.5 (8.8, 25.8)"
2010,UHF34,202,3,Downtown - Heights - Slope,"22,000","13.0 (8.0, 20.6)"
2010,UHF34,203,3,Bedford Stuyvesant - Crown Heights,"42,000","18.9 (12.8, 27.0)"
2010,UHF34,204,3,East New York,"21,000","19.4 (12.5, 28.9)"
2010,UHF34,205,3,Sunset Park,"4,000*","5.0* (2.6, 9.7)"
2010,UHF34,206,3,Borough Park,"27,000*","11.7* (6.3, 20.6)"
2010,UHF34,207,3,East Flatbush - Flatbush,"6,000*","2.8* (1.4, 5.4)"
2010,UHF34,208,3,Canarsie - Flatlands,"13,000","9.1 (5.0, 16.0)"
2010,UHF34,209,3,Bensonhurst - Bay Ridge,"37,000","24.0 (17.6, 31.7)"
2010,UHF34,210,3,Coney Island - Sheepshead Bay,"34,000","15.2 (9.7, 23.1)"
2010,UHF34,211,3,Williamsburg - Bushwick,"25,000","19.1 (12.6, 27.9)"
2010,UHF34,301,3,Washington Heights,"35,000","18.7 (11.1, 29.8)"
2010,UHF34,302,3,Central Harlem - Morningside Heights,"14,000","12.5 (7.2, 20.8)"
2010,UHF34,303,3,East Harlem,"13,000*","17.3* (7.8, 34.2)"
2010,UHF34,304,3,Upper West Side,"12,000*","6.4* (2.6, 15.1)"
2010,UHF34,401,3,Long Island City - Astoria,"32,000","18.8 (10.9, 30.3)"
2010,UHF34,402,3,West Queens,"49,000","13.4 (8.7, 19.9)"
2010,UHF34,403,3,Flushing - Clearview,"41,000","20.3 (13.2, 29.9)"
2010,UHF34,405,3,Ridgewood - Forest Hills,"24,000","12.6 (7.9, 19.5)"
2010,UHF34,407,3,Southwest Queens,"34,000","17.1 (11.0, 25.5)"
2010,UHF34,408,3,Jamaica,"32,000","15.6 (9.2, 25.2)"
2010,UHF34,409,3,Southeast Queens,"8,000*","4.9* (2.2, 10.6)"
2010,UHF34,410,3,Rockaways,"13,000","18.1 (11.1, 28.2)"
2010,UHF34,305307,3,Upper East Side-Gramercy,"36,000","12.3 (7.2, 20.0)"
2010,UHF34,306308,3,Chelsea-Village  ,"22,000","12.2 (6.7, 21.1)"
2010,UHF34,309310,3,Union Square-Lower Manhattan,"22,000","11.7 (6.7, 19.7)"
2010,UHF34,404406,3,Bayside Little Neck-Fresh Meadows,"10,000","7.2 (4.0, 12.7)"
2010,UHF34,501502,3,Northern SI,"19,000","14.7 (9.4, 22.3)"
2010,UHF34,503504,3,Southern SI,"27,000","13.3 (9.0, 19.3)"
2010,UHF34,105106107,3,South Bronx,"63,000","19.3 (15.1, 24.4)"
2010,Borough,1,1,Bronx,"151,000","16.3 (13.7, 19.3)"
2010,Borough,2,1,Brooklyn,"249,000","13.9 (12.0, 16.0)"
2010,Borough,3,1,Manhattan,"164,000","12.9 (10.3, 16.1)"
2010,Borough,4,1,Queens,"244,000","14.2 (12.0, 16.8)"
2010,Borough,5,1,Staten Island,"46,000","13.9 (10.4, 18.3)"
2010,Citywide,1,0,New York City,"853,000","14.2 (13.0, 15.4)"
2009,UHF34,101,3,Kingsbridge - Riverdale,"10,000*","14.5* (7.6, 26.1)"
2009,UHF34,102,3,Northeast Bronx,"21,000","15.5 (9.9, 23.4)"
2009,UHF34,103,3,Fordham - Bronx Pk,"29,000","17.0 (11.6, 24.3)"
2009,UHF34,104,3,Pelham - Throgs Neck,"40,000","19.3 (13.6, 26.7)"
2009,UHF34,201,3,Greenpoint,"11,000","12.8 (7.6, 20.7)"
2009,UHF34,202,3,Downtown - Heights - Slope,"25,000","14.3 (9.9, 20.2)"
2009,UHF34,203,3,Bedford Stuyvesant - Crown Heights,"44,000","20.2 (13.7, 28.6)"
2009,UHF34,204,3,East New York,"14,000","12.0 (7.3, 19.2)"
2009,UHF34,205,3,Sunset Park,"11,000*","12.4* (6.1, 23.5)"
2009,UHF34,206,3,Borough Park,"49,000","21.4 (14.8, 29.8)"
2009,UHF34,207,3,East Flatbush - Flatbush,"23,000","10.4 (6.3, 16.8)"
2009,UHF34,208,3,Canarsie - Flatlands,"19,000","13.3 (8.4, 20.5)"
2009,UHF34,209,3,Bensonhurst - Bay Ridge,"26,000","16.9 (11.0, 25.0)"
2009,UHF34,210,3,Coney Island - Sheepshead Bay,"35,000","15.7 (11.2, 21.5)"
2009,UHF34,211,3,Williamsburg - Bushwick,"30,000","23.2 (15.9, 32.6)"
2009,UHF34,301,3,Washington Heights,"21,000*","10.7* (5.7, 19.4)"
2009,UHF34,302,3,Central Harlem - Morningside Heights,"25,000*","21.9* (12.4, 35.6)"
2009,UHF34,303,3,East Harlem,"10,000*","12.9* (6.8, 23.1)"
2009,UHF34,304,3,Upper West Side,"19,000","9.7 (5.4, 16.8)"
2009,UHF34,401,3,Long Island City - Astoria,"30,000","17.6 (11.8, 25.3)"
2009,UHF34,402,3,West Queens,"58,000","15.8 (10.9, 22.3)"
2009,UHF34,403,3,Flushing - Clearview,"32,000","16.3 (9.8, 25.8)"
2009,UHF34,405,3,Ridgewood - Forest Hills,"33,000","17.6 (11.6, 25.8)"
2009,UHF34,407,3,Southwest Queens,"20,000","10.1 (6.3, 15.6)"
2009,UHF34,408,3,Jamaica,"28,000","13.4 (8.3, 21.0)"
2009,UHF34,409,3,Southeast Queens,"15,000*","9.8* (4.6, 19.7)"
2009,UHF34,410,3,Rockaways,"18,000","24.4 (16.4, 34.6)"
2009,UHF34,305307,3,Upper East Side-Gramercy,"45,000","15.4 (10.3, 22.3)"
2009,UHF34,306308,3,Chelsea-Village  ,"31,000","16.7 (11.1, 24.3)"
2009,UHF34,309310,3,Union Square-Lower Manhattan,"35,000","18.5 (12.0, 27.5)"
2009,UHF34,404406,3,Bayside Little Neck-Fresh Meadows,"13,000","9.4 (5.4, 15.9)"
2009,UHF34,501502,3,Northern SI,"23,000","18.6 (13.8, 24.6)"
2009,UHF34,503504,3,Southern SI,"38,000","19.2 (15.3, 23.8)"
2009,UHF34,105106107,3,South Bronx,"67,000","20.4 (15.8, 26.0)"
2009,Borough,1,1,Bronx,"167,000","18.1 (15.4, 21.1)"
2009,Borough,2,1,Brooklyn,"289,000","16.1 (14.1, 18.3)"
2009,Borough,3,1,Manhattan,"190,000","15.0 (12.5, 18.0)"
2009,Borough,4,1,Queens,"252,000","14.6 (12.5, 17.0)"
2009,Borough,5,1,Staten Island,"65,000","19.7 (16.4, 23.6)"
2009,Citywide,1,0,New York City,"964,000","16.0 (14.8, 17.2)"
2008,UHF34,101,3,Kingsbridge - Riverdale,"6,000*","9.1* (4.9, 16.1)"
2008,UHF34,102,3,Northeast Bronx,"19,000","13.6 (8.7, 20.7)"
2008,UHF34,103,3,Fordham - Bronx Pk,"34,000","20.1 (13.7, 28.5)"
2008,UHF34,104,3,Pelham - Throgs Neck,"40,000","18.5 (11.8, 28.0)"
2008,UHF34,201,3,Greenpoint,"15,000","17.4 (11.1, 26.0)"
2008,UHF34,202,3,Downtown - Heights - Slope,"25,000","14.3 (9.4, 21.2)"
2008,UHF34,203,3,Bedford Stuyvesant - Crown Heights,"47,000","21.0 (14.1, 30.1)"
2008,UHF34,204,3,East New York,"26,000","22.5 (14.9, 32.7)"
2008,UHF34,205,3,Sunset Park,"10,000*","12.1* (5.1, 26.1)"
2008,UHF34,206,3,Borough Park,"26,000","11.4 (7.1, 17.8)"
2008,UHF34,207,3,East Flatbush - Flatbush,"25,000","10.8 (6.0, 18.8)"
2008,UHF34,208,3,Canarsie - Flatlands,"24,000","16.4 (10.9, 23.9)"
2008,UHF34,209,3,Bensonhurst - Bay Ridge,"32,000","20.6 (14.0, 29.3)"
2008,UHF34,210,3,Coney Island - Sheepshead Bay,"43,000","19.2 (13.0, 27.5)"
2008,UHF34,211,3,Williamsburg - Bushwick,"21,000","15.8 (10.4, 23.2)"
2008,UHF34,301,3,Washington Heights,"21,000","10.6 (6.0, 18.0)"
2008,UHF34,302,3,Central Harlem - Morningside Heights,"20,000","18.0 (10.3, 29.6)"
2008,UHF34,303,3,East Harlem,"16,000*","20.9* (12.6, 32.7)"
2008,UHF34,304,3,Upper West Side,"25,000","13.2 (7.7, 21.8)"
2008,UHF34,401,3,Long Island City - Astoria,"30,000","16.8 (10.5, 25.8)"
2008,UHF34,402,3,West Queens,"73,000","19.6 (12.8, 28.7)"
2008,UHF34,403,3,Flushing - Clearview,"28,000","13.5 (7.9, 22.0)"
2008,UHF34,405,3,Ridgewood - Forest Hills,"37,000","19.1 (12.9, 27.5)"
2008,UHF34,407,3,Southwest Queens,"35,000","17.2 (11.3, 25.4)"
2008,UHF34,408,3,Jamaica,"24,000","11.5 (7.2, 18.0)"
2008,UHF34,409,3,Southeast Queens,"10,000*","6.4* (3.5, 11.5)"
2008,UHF34,410,3,Rockaways,"11,000","14.2 (9.2, 21.1)"
2008,UHF34,305307,3,Upper East Side-Gramercy,"38,000","12.4 (8.1, 18.4)"
2008,UHF34,306308,3,Chelsea-Village  ,"27,000","14.3 (9.2, 21.5)"
2008,UHF34,309310,3,Union Square-Lower Manhattan,"26,000","13.4 (8.3, 20.9)"
2008,UHF34,404406,3,Bayside Little Neck-Fresh Meadows,"19,000","13.4 (8.6, 20.3)"
2008,UHF34,501502,3,Northern SI,"28,000","21.7 (16.0, 28.8)"
2008,UHF34,503504,3,Southern SI,"42,000","21.0 (15.2, 28.2)"
2008,UHF34,105106107,3,South Bronx,"59,000","17.8 (13.6, 22.8)"
2008,Borough,1,1,Bronx,"158,000","17.1 (14.3, 20.3)"
2008,Borough,2,1,Brooklyn,"293,000","16.3 (14.3, 18.6)"
2008,Borough,3,1,Manhattan,"173,000","13.7 (11.4, 16.4)"
2008,Borough,4,1,Queens,"265,000","15.4 (13.0, 18.1)"
2008,Borough,5,1,Staten Island,"70,000","21.3 (16.9, 26.3)"
2008,Citywide,1,0,New York City,"959,000","15.9 (14.7, 17.2)"
2007,UHF34,101,3,Kingsbridge - Riverdale,"8,000*","11.3* (6.0, 20.3)"
2007,UHF34,102,3,Northeast Bronx,"17,000","12.6 (8.0, 19.3)"
2007,UHF34,103,3,Fordham - Bronx Pk,"39,000","22.8 (15.4, 32.6)"
2007,UHF34,104,3,Pelham - Throgs Neck,"43,000","20.2 (13.8, 28.7)"
2007,UHF34,201,3,Greenpoint,"15,000","17.7 (11.4, 26.5)"
2007,UHF34,202,3,Downtown - Heights - Slope,"24,000","14.0 (10.0, 19.3)"
2007,UHF34,203,3,Bedford Stuyvesant - Crown Heights,"43,000","19.7 (15.7, 24.4)"
2007,UHF34,204,3,East New York,"21,000","19.6 (13.2, 28.0)"
2007,UHF34,205,3,Sunset Park,"16,000","18.0 (11.5, 27.0)"
2007,UHF34,206,3,Borough Park,"26,000","11.5 (7.9, 16.5)"
2007,UHF34,207,3,East Flatbush - Flatbush,"27,000","12.2 (8.6, 17.1)"
2007,UHF34,208,3,Canarsie - Flatlands,"22,000","16.1 (10.9, 23.0)"
2007,UHF34,209,3,Bensonhurst - Bay Ridge,"29,000","19.4 (14.1, 26.2)"
2007,UHF34,210,3,Coney Island - Sheepshead Bay,"41,000","18.4 (13.8, 24.2)"
2007,UHF34,211,3,Williamsburg - Bushwick,"36,000","28.6 (21.4, 37.1)"
2007,UHF34,301,3,Washington Heights,"30,000","15.7 (10.5, 22.9)"
2007,UHF34,302,3,Central Harlem - Morningside Heights,"15,000","13.8 (9.6, 19.5)"
2007,UHF34,303,3,East Harlem,"16,000","20.9 (13.1, 31.6)"
2007,UHF34,304,3,Upper West Side,"31,000","16.6 (10.6, 24.9)"
2007,UHF34,401,3,Long Island City - Astoria,"37,000","21.5 (15.5, 29.1)"
2007,UHF34,402,3,West Queens,"54,000","15.1 (10.4, 21.5)"
2007,UHF34,403,3,Flushing - Clearview,"34,000","17.1 (12.0, 23.8)"
2007,UHF34,405,3,Ridgewood - Forest Hills,"33,000","17.6 (12.0, 25.1)"
2007,UHF34,407,3,Southwest Queens,"31,000","15.9 (11.3, 21.8)"
2007,UHF34,408,3,Jamaica,"29,000","14.2 (9.6, 20.5)"
2007,UHF34,409,3,Southeast Queens,"18,000","12.1 (8.5, 17.0)"
2007,UHF34,410,3,Rockaways,"15,000","19.8 (12.6, 29.8)"
2007,UHF34,305307,3,Upper East Side-Gramercy,"39,000","13.2 (9.1, 18.8)"
2007,UHF34,306308,3,Chelsea-Village  ,"41,000","22.5 (15.7, 31.2)"
2007,UHF34,309310,3,Union Square-Lower Manhattan,"31,000","16.2 (10.8, 23.5)"
2007,UHF34,404406,3,Bayside Little Neck-Fresh Meadows,"20,000","14.2 (8.9, 21.9)"
2007,UHF34,501502,3,Northern SI,"31,000","24.3 (18.6, 31.2)"
2007,UHF34,503504,3,Southern SI,"36,000","18.6 (14.1, 24.2)"
2007,UHF34,105106107,3,South Bronx,"59,000","18.1 (14.7, 22.1)"
2007,Borough,1,1,Bronx,"164,000","18.2 (15.5, 21.2)"
2007,Borough,2,1,Brooklyn,"301,000","17.1 (15.5, 18.8)"
2007,Borough,3,1,Manhattan,"203,000","16.5 (14.1, 19.1)"
2007,Borough,4,1,Queens,"270,000","16.1 (14.2, 18.3)"
2007,Borough,5,1,Staten Island,"68,000","20.9 (17.2, 25.1)"
2007,Citywide,1,0,New York City,"1,006,000","17.1 (16.0, 18.1)"
2006,UHF34,101,3,Kingsbridge - Riverdale,"13,000","19.0 (12.0, 28.6)"
2006,UHF34,102,3,Northeast Bronx,"20,000","14.3 (9.1, 21.9)"
2006,UHF34,103,3,Fordham - Bronx Pk,"38,000","22.0 (14.8, 31.4)"
2006,UHF34,104,3,Pelham - Throgs Neck,"41,000","19.4 (13.8, 26.4)"
2006,UHF34,201,3,Greenpoint,"22,000","25.2 (17.4, 35.0)"
2006,UHF34,202,3,Downtown - Heights - Slope,"27,000","15.6 (11.6, 20.8)"
2006,UHF34,203,3,Bedford Stuyvesant - Crown Heights,"37,000","16.9 (13.5, 21.0)"
2006,UHF34,204,3,East New York,"28,000","25.0 (17.8, 33.9)"
2006,UHF34,205,3,Sunset Park,"7,000*","7.8* (3.2, 17.9)"
2006,UHF34,206,3,Borough Park,"30,000","13.1 (9.5, 17.7)"
2006,UHF34,207,3,East Flatbush - Flatbush,"31,000","13.8 (9.8, 19.0)"
2006,UHF34,208,3,Canarsie - Flatlands,"26,000","18.1 (12.1, 26.3)"
2006,UHF34,209,3,Bensonhurst - Bay Ridge,"25,000","16.1 (11.0, 22.8)"
2006,UHF34,210,3,Coney Island - Sheepshead Bay,"49,000","22.1 (17.1, 28.0)"
2006,UHF34,211,3,Williamsburg - Bushwick,"25,000","19.2 (13.5, 26.5)"
2006,UHF34,301,3,Washington Heights,"27,000","13.3 (9.1, 19.0)"
2006,UHF34,302,3,Central Harlem - Morningside Heights,"17,000","15.0 (11.0, 20.2)"
2006,UHF34,303,3,East Harlem,"24,000","31.4 (22.7, 41.6)"
2006,UHF34,304,3,Upper West Side,"24,000*","12.3* (6.1, 23.1)"
2006,UHF34,401,3,Long Island City - Astoria,"42,000","23.7 (17.7, 31.0)"
2006,UHF34,402,3,West Queens,"53,000","14.2 (10.4, 19.2)"
2006,UHF34,403,3,Flushing - Clearview,"33,000","16.0 (11.3, 22.2)"
2006,UHF34,405,3,Ridgewood - Forest Hills,"33,000","17.4 (12.8, 23.2)"
2006,UHF34,407,3,Southwest Queens,"32,000","15.9 (11.5, 21.5)"
2006,UHF34,408,3,Jamaica,"37,000","17.7 (13.3, 23.2)"
2006,UHF34,409,3,Southeast Queens,"15,000","9.8 (6.6, 14.2)"
2006,UHF34,410,3,Rockaways,"13,000","17.5 (10.5, 27.6)"
2006,UHF34,305307,3,Upper East Side-Gramercy,"49,000","15.9 (11.4, 21.6)"
2006,UHF34,306308,3,Chelsea-Village  ,"40,000","21.4 (15.8, 28.2)"
2006,UHF34,309310,3,Union Square-Lower Manhattan,"31,000","15.9 (11.4, 21.6)"
2006,UHF34,404406,3,Bayside Little Neck-Fresh Meadows,"21,000","14.8 (9.8, 21.8)"
2006,UHF34,501502,3,Northern SI,"36,000","28.0 (22.0, 34.9)"
2006,UHF34,503504,3,Southern SI,"53,000","26.8 (21.4, 32.9)"
2006,UHF34,105106107,3,South Bronx,"66,000","20.0 (16.2, 24.3)"
2006,Borough,1,1,Bronx,"178,000","19.3 (16.6, 22.3)"
2006,Borough,2,1,Brooklyn,"308,000","17.2 (15.6, 18.9)"
2006,Borough,3,1,Manhattan,"210,000","16.6 (14.4, 19.0)"
2006,Borough,4,1,Queens,"279,000","16.2 (14.4, 18.1)"
2006,Borough,5,1,Staten Island,"90,000","27.3 (23.2, 31.8)"
2006,Citywide,1,0,New York City,"1,065,000","17.6 (16.7, 18.7)"
2005,UHF34,101,3,Kingsbridge - Riverdale,"10,000","13.7 (8.4, 21.6)"
2005,UHF34,102,3,Northeast Bronx,"25,000","17.9 (12.2, 25.4)"
2005,UHF34,103,3,Fordham - Bronx Pk,"46,000","26.7 (18.6, 36.8)"
2005,UHF34,104,3,Pelham - Throgs Neck,"38,000","18.0 (12.4, 25.4)"
2005,UHF34,201,3,Greenpoint,"17,000","18.7 (12.3, 27.5)"
2005,UHF34,202,3,Downtown - Heights - Slope,"34,000","19.6 (14.2, 26.4)"
2005,UHF34,203,3,Bedford Stuyvesant - Crown Heights,"46,000","20.9 (17.1, 25.3)"
2005,UHF34,204,3,East New York,"23,000","20.0 (13.9, 28.0)"
2005,UHF34,205,3,Sunset Park,"13,000","14.3 (9.3, 21.4)"
2005,UHF34,206,3,Borough Park,"38,000","16.4 (11.8, 22.3)"
2005,UHF34,207,3,East Flatbush - Flatbush,"26,000","11.6 (8.6, 15.6)"
2005,UHF34,208,3,Canarsie - Flatlands,"17,000","11.7 (7.5, 17.9)"
2005,UHF34,209,3,Bensonhurst - Bay Ridge,"38,000","24.1 (19.1, 29.9)"
2005,UHF34,210,3,Coney Island - Sheepshead Bay,"45,000","20.3 (16.0, 25.5)"
2005,UHF34,211,3,Williamsburg - Bushwick,"37,000","28.6 (22.7, 35.3)"
2005,UHF34,301,3,Washington Heights,"34,000","17.3 (12.9, 22.8)"
2005,UHF34,302,3,Central Harlem - Morningside Heights,"24,000","22.0 (16.8, 28.2)"
2005,UHF34,303,3,East Harlem,"21,000","26.6 (19.8, 34.7)"
2005,UHF34,304,3,Upper West Side,"29,000","15.1 (9.1, 24.1)"
2005,UHF34,401,3,Long Island City - Astoria,"41,000","23.2 (18.2, 29.1)"
2005,UHF34,402,3,West Queens,"69,000","18.7 (14.2, 24.2)"
2005,UHF34,403,3,Flushing - Clearview,"39,000","19.0 (13.3, 26.5)"
2005,UHF34,405,3,Ridgewood - Forest Hills,"38,000","19.6 (14.3, 26.3)"
2005,UHF34,407,3,Southwest Queens,"36,000","17.9 (13.4, 23.5)"
2005,UHF34,408,3,Jamaica,"37,000","17.8 (13.7, 23.0)"
2005,UHF34,409,3,Southeast Queens,"22,000","14.9 (10.8, 20.2)"
2005,UHF34,410,3,Rockaways,"7,000","9.2 (5.0, 16.3)"
2005,UHF34,305307,3,Upper East Side-Gramercy,"59,000","19.3 (14.6, 25.1)"
2005,UHF34,306308,3,Chelsea-Village  ,"26,000","14.1 (9.7, 20.0)"
2005,UHF34,309310,3,Union Square-Lower Manhattan,"41,000","21.6 (15.2, 29.7)"
2005,UHF34,404406,3,Bayside Little Neck-Fresh Meadows,"19,000","13.2 (8.6, 19.8)"
2005,UHF34,501502,3,Northern SI,"34,000","26.0 (20.5, 32.5)"
2005,UHF34,503504,3,Southern SI,"51,000","25.3 (20.6, 30.7)"
2005,UHF34,105106107,3,South Bronx,"72,000","22.1 (18.6, 25.9)"
2005,Borough,1,1,Bronx,"191,000","20.7 (18.1, 23.7)"
2005,Borough,2,1,Brooklyn,"332,000","18.6 (17.0, 20.2)"
2005,Borough,3,1,Manhattan,"236,000","18.6 (16.3, 21.1)"
2005,Borough,4,1,Queens,"308,000","17.9 (16.1, 19.9)"
2005,Borough,5,1,Staten Island,"85,000","25.6 (21.9, 29.7)"
2005,Citywide,1,0,New York City,"1,151,000","19.1 (18.1, 20.1)"
2004,UHF34,101,3,Kingsbridge - Riverdale,"14,000","20.1 (13.4, 29.2)"
2004,UHF34,102,3,Northeast Bronx,"15,000","11.2 (8.0, 15.4)"
2004,UHF34,103,3,Fordham - Bronx Pk,"41,000","23.9 (18.4, 30.4)"
2004,UHF34,104,3,Pelham - Throgs Neck,"54,000","25.4 (19.6, 32.2)"
2004,UHF34,201,3,Greenpoint,"22,000","24.5 (17.8, 32.9)"
2004,UHF34,202,3,Downtown - Heights - Slope,"30,000","17.5 (12.8, 23.5)"
2004,UHF34,203,3,Bedford Stuyvesant - Crown Heights,"49,000","22.1 (16.7, 28.6)"
2004,UHF34,204,3,East New York,"25,000","22.0 (16.5, 28.6)"
2004,UHF34,205,3,Sunset Park,"17,000","19.0 (13.2, 26.4)"
2004,UHF34,206,3,Borough Park,"37,000","15.8 (11.8, 20.9)"
2004,UHF34,207,3,East Flatbush - Flatbush,"34,000","14.8 (10.4, 20.6)"
2004,UHF34,208,3,Canarsie - Flatlands,"20,000","13.6 (9.7, 18.7)"
2004,UHF34,209,3,Bensonhurst - Bay Ridge,"33,000","20.8 (15.9, 26.8)"
2004,UHF34,210,3,Coney Island - Sheepshead Bay,"47,000","21.0 (16.2, 26.8)"
2004,UHF34,211,3,Williamsburg - Bushwick,"25,000","20.1 (15.3, 25.9)"
2004,UHF34,301,3,Washington Heights,"35,000","17.7 (12.8, 23.9)"
2004,UHF34,302,3,Central Harlem - Morningside Heights,"29,000","25.6 (19.5, 32.8)"
2004,UHF34,303,3,East Harlem,"20,000","26.5 (19.4, 35.0)"
2004,UHF34,304,3,Upper West Side,"22,000","11.5 (7.4, 17.4)"
2004,UHF34,401,3,Long Island City - Astoria,"38,000","21.3 (16.2, 27.4)"
2004,UHF34,402,3,West Queens,"59,000","16.0 (12.0, 21.0)"
2004,UHF34,403,3,Flushing - Clearview,"39,000","19.2 (14.4, 25.1)"
2004,UHF34,405,3,Ridgewood - Forest Hills,"32,000","16.9 (12.6, 22.2)"
2004,UHF34,407,3,Southwest Queens,"23,000","11.2 (7.4, 16.7)"
2004,UHF34,408,3,Jamaica,"24,000","11.8 (8.1, 16.7)"
2004,UHF34,409,3,Southeast Queens,"20,000","13.4 (9.7, 18.2)"
2004,UHF34,410,3,Rockaways,"16,000","21.3 (14.9, 29.6)"
2004,UHF34,305307,3,Upper East Side-Gramercy,"40,000","13.1 (9.6, 17.7)"
2004,UHF34,306308,3,Chelsea-Village  ,"32,000","17.3 (12.3, 23.8)"
2004,UHF34,309310,3,Union Square-Lower Manhattan,"40,000","20.6 (14.9, 27.8)"
2004,UHF34,404406,3,Bayside Little Neck-Fresh Meadows,"25,000","17.7 (12.8, 24.1)"
2004,UHF34,501502,3,Northern SI,"30,000","22.9 (17.7, 29.1)"
2004,UHF34,503504,3,Southern SI,"65,000","32.7 (26.4, 39.7)"
2004,UHF34,105106107,3,South Bronx,"66,000","20.0 (15.7, 25.1)"
2004,Borough,1,1,Bronx,"191,000","20.7 (18.2, 23.4)"
2004,Borough,2,1,Brooklyn,"337,000","18.8 (17.2, 20.6)"
2004,Borough,3,1,Manhattan,"218,000","17.3 (15.3, 19.5)"
2004,Borough,4,1,Queens,"277,000","16.1 (14.4, 17.9)"
2004,Borough,5,1,Staten Island,"94,000","28.8 (24.4, 33.7)"
2004,Citywide,1,0,New York City,"1,117,000","18.5 (17.6, 19.5)"
2003,UHF34,101,3,Kingsbridge - Riverdale,"10,000","14.3 (10.2, 19.6)"
2003,UHF34,102,3,Northeast Bronx,"20,000","15.6 (11.4, 21.1)"
2003,UHF34,103,3,Fordham - Bronx Pk,"33,000","21.8 (16.9, 27.7)"
2003,UHF34,104,3,Pelham - Throgs Neck,"42,000","24.0 (18.9, 30.0)"
2003,UHF34,201,3,Greenpoint,"18,000","21.2 (16.3, 27.1)"
2003,UHF34,202,3,Downtown - Heights - Slope,"35,000","23.0 (17.6, 29.5)"
2003,UHF34,203,3,Bedford Stuyvesant - Crown Heights,"41,000","22.4 (17.5, 28.1)"
2003,UHF34,204,3,East New York,"18,000","16.8 (12.6, 22.1)"
2003,UHF34,205,3,Sunset Park,"19,000","22.2 (16.0, 29.9)"
2003,UHF34,206,3,Borough Park,"29,000","13.9 (10.4, 18.4)"
2003,UHF34,207,3,East Flatbush - Flatbush,"24,000","12.4 (8.9, 17.0)"
2003,UHF34,208,3,Canarsie - Flatlands,"25,000","18.7 (14.2, 24.3)"
2003,UHF34,209,3,Bensonhurst - Bay Ridge,"35,000","24.4 (19.4, 30.3)"
2003,UHF34,210,3,Coney Island - Sheepshead Bay,"37,000","18.7 (14.2, 24.4)"
2003,UHF34,211,3,Williamsburg - Bushwick,"30,000","26.3 (21.1, 32.1)"
2003,UHF34,301,3,Washington Heights,"33,000","18.6 (14.1, 24.1)"
2003,UHF34,302,3,Central Harlem - Morningside Heights,"22,000","21.7 (16.8, 27.7)"
2003,UHF34,303,3,East Harlem,"20,000","27.4 (21.6, 34.1)"
2003,UHF34,304,3,Upper West Side,"26,000","15.9 (11.6, 21.4)"
2003,UHF34,401,3,Long Island City - Astoria,"31,000","19.5 (14.9, 25.1)"
2003,UHF34,402,3,West Queens,"63,000","21.5 (16.5, 27.6)"
2003,UHF34,403,3,Flushing - Clearview,"38,000","20.7 (16.3, 25.9)"
2003,UHF34,405,3,Ridgewood - Forest Hills,"25,000","14.9 (11.0, 19.9)"
2003,UHF34,407,3,Southwest Queens,"34,000","19.6 (15.0, 25.2)"
2003,UHF34,408,3,Jamaica,"29,000","15.4 (11.3, 20.7)"
2003,UHF34,409,3,Southeast Queens,"23,000","16.6 (12.1, 22.3)"
2003,UHF34,410,3,Rockaways,"16,000","22.9 (17.4, 29.5)"
2003,UHF34,305307,3,Upper East Side-Gramercy,"35,000","14.0 (10.2, 18.9)"
2003,UHF34,306308,3,Chelsea-Village  ,"34,000","21.1 (16.2, 27.1)"
2003,UHF34,309310,3,Union Square-Lower Manhattan,"36,000","20.7 (16.4, 25.8)"
2003,UHF34,404406,3,Bayside Little Neck-Fresh Meadows,"17,000","12.9 (9.2, 17.7)"
2003,UHF34,501502,3,Northern SI,"30,000","25.8 (20.3, 32.1)"
2003,UHF34,503504,3,Southern SI,"42,000","24.7 (19.3, 31.0)"
2003,UHF34,105106107,3,South Bronx,"71,000","24.9 (20.4, 30.0)"
2003,Borough,1,1,Bronx,"175,000","21.8 (19.4, 24.3)"
2003,Borough,2,1,Brooklyn,"310,000","19.4 (17.9, 21.0)"
2003,Borough,3,1,Manhattan,"206,000","18.7 (16.9, 20.8)"
2003,Borough,4,1,Queens,"278,000","18.3 (16.6, 20.2)"
2003,Borough,5,1,Staten Island,"73,000","25.2 (21.2, 29.6)"
2003,Citywide,1,0,New York City,"1,041,000","19.6 (18.7, 20.6)"
2002,Borough,1,1,Bronx,"234,000","25.5 (22.9, 28.2)"
2002,Borough,2,1,Brooklyn,"354,000","19.7 (18.1, 21.5)"
2002,Borough,3,1,Manhattan,"270,000","21.4 (19.3, 23.5)"
2002,Borough,4,1,Queens,"357,000","20.7 (18.5, 23.0)"
2002,Borough,5,1,Staten Island,"90,000","27.5 (23.3, 32.2)"
2002,Citywide,1,0,New York City,"1,305,000","21.7 (20.6, 22.7)"
2002,UHF33,101,,,"13,000","19.1 (14.1, 25.4)"
2002,UHF33,102,,,"23,000","16.5 (12.3, 21.8)"
2002,UHF33,103,,,"45,000","26.5 (21.0, 32.7)"
2002,UHF33,104,,,"53,000","24.8 (19.7, 30.8)"
2002,UHF33,201,,,"15,000","17.0 (12.5, 22.6)"
2002,UHF33,202,,,"38,000","22.1 (17.2, 28.0)"
2002,UHF33,203,,,"46,000","20.9 (16.0, 26.9)"
2002,UHF33,204,,,"31,000","26.7 (21.4, 32.9)"
2002,UHF33,205,,,"15,000","17.2 (12.2, 23.7)"
2002,UHF33,206,,,"40,000","17.2 (12.7, 22.8)"
2002,UHF33,209,,,"38,000","24.2 (19.1, 30.1)"
2002,UHF33,210,,,"50,000","22.5 (17.8, 28.2)"
2002,UHF33,211,,,"33,000","25.7 (20.4, 31.9)"
2002,UHF33,301,,,"42,000","21.1 (15.5, 28.0)"
2002,UHF33,302,,,"34,000","30.9 (24.7, 37.8)"
2002,UHF33,303,,,"17,000","22.3 (16.8, 29.1)"
2002,UHF33,304,,,"39,000","20.5 (15.8, 26.1)"
2002,UHF33,309,,,"45,000","27.1 (21.4, 33.7)"
2002,UHF33,310,,,"7,000","24.4 (16.6, 34.5)"
2002,UHF33,403,,,"33,000","16.3 (11.8, 22.2)"
2002,UHF33,405,,,"35,000","18.4 (14.1, 23.7)"
2002,UHF33,407,,,"49,000","24.2 (18.5, 30.8)"
2002,UHF33,408,,,"29,000","13.9 (9.9, 19.3)"
2002,UHF33,409,,,"21,000","14.2 (10.1, 19.6)"
2002,UHF33,410,,,"13,000","16.7 (12.1, 22.5)"
2002,UHF33,207208,,,"48,000","13.0 (9.5, 17.6)"
2002,UHF33,305307,,,"45,000","14.6 (10.9, 19.3)"
2002,UHF33,306308,,,"41,000","22.1 (17.4, 27.6)"
2002,UHF33,401402,,,"150,000","27.3 (22.1, 33.1)"
2002,UHF33,404406,,,"27,000","18.9 (14.2, 24.8)"
2002,UHF33,501502,,,"36,000","27.9 (22.2, 34.5)"
2002,UHF33,503504,,,"54,000","27.2 (21.5, 33.8)"
2002,UHF33,105106107,,,"100,000","30.4 (25.5, 35.8)"
